CREATE DATABASE  IF NOT EXISTS `test20` /*!40100 DEFAULT CHARACTER SET latin1 */;
USE `test20`;
-- MySQL dump 10.13  Distrib 5.6.13, for Win32 (x86)
--
-- Host: 127.0.0.1    Database: test20
-- ------------------------------------------------------
-- Server version	5.6.12-log

/*!40101 SET @OLD_CHARACTER_SET_CLIENT=@@CHARACTER_SET_CLIENT */;
/*!40101 SET @OLD_CHARACTER_SET_RESULTS=@@CHARACTER_SET_RESULTS */;
/*!40101 SET @OLD_COLLATION_CONNECTION=@@COLLATION_CONNECTION */;
/*!40101 SET NAMES utf8 */;
/*!40103 SET @OLD_TIME_ZONE=@@TIME_ZONE */;
/*!40103 SET TIME_ZONE='+00:00' */;
/*!40014 SET @OLD_UNIQUE_CHECKS=@@UNIQUE_CHECKS, UNIQUE_CHECKS=0 */;
/*!40014 SET @OLD_FOREIGN_KEY_CHECKS=@@FOREIGN_KEY_CHECKS, FOREIGN_KEY_CHECKS=0 */;
/*!40101 SET @OLD_SQL_MODE=@@SQL_MODE, SQL_MODE='NO_AUTO_VALUE_ON_ZERO' */;
/*!40111 SET @OLD_SQL_NOTES=@@SQL_NOTES, SQL_NOTES=0 */;

--
-- Table structure for table `company`
--

DROP TABLE IF EXISTS `company`;
/*!40101 SET @saved_cs_client     = @@character_set_client */;
/*!40101 SET character_set_client = utf8 */;
CREATE TABLE `company` (
  `id` int(11) NOT NULL AUTO_INCREMENT,
  `name` varchar(255) COLLATE utf8_unicode_ci DEFAULT NULL,
  `address` varchar(20) COLLATE utf8_unicode_ci DEFAULT NULL,
  PRIMARY KEY (`id`),
  KEY `company_name` (`name`)
) ENGINE=InnoDB AUTO_INCREMENT=49 DEFAULT CHARSET=utf8 COLLATE=utf8_unicode_ci;
/*!40101 SET character_set_client = @saved_cs_client */;

--
-- Dumping data for table `company`
--

LOCK TABLES `company` WRITE;
/*!40000 ALTER TABLE `company` DISABLE KEYS */;
INSERT INTO `company` VALUES (47,'GitHub Inc.','548 4th Street, San '),(48,'Digitaria Interactive Inc.','350 10th Avenue, San Diego');
/*!40000 ALTER TABLE `company` ENABLE KEYS */;
UNLOCK TABLES;

--
-- Table structure for table `group`
--

DROP TABLE IF EXISTS `group`;
/*!40101 SET @saved_cs_client     = @@character_set_client */;
/*!40101 SET character_set_client = utf8 */;
CREATE TABLE `group` (
  `id` int(11) NOT NULL AUTO_INCREMENT,
  `name` varchar(255) DEFAULT NULL,
  PRIMARY KEY (`id`)
) ENGINE=InnoDB AUTO_INCREMENT=3 DEFAULT CHARSET=latin1;
/*!40101 SET character_set_client = @saved_cs_client */;

--
-- Dumping data for table `group`
--

LOCK TABLES `group` WRITE;
/*!40000 ALTER TABLE `group` DISABLE KEYS */;
INSERT INTO `group` VALUES (1,'Basic'),(2,'Admin');
/*!40000 ALTER TABLE `group` ENABLE KEYS */;
UNLOCK TABLES;

--
-- Table structure for table `invoice_details`
--

DROP TABLE IF EXISTS `invoice_details`;
/*!40101 SET @saved_cs_client     = @@character_set_client */;
/*!40101 SET character_set_client = utf8 */;
CREATE TABLE `invoice_details` (
  `id` int(11) NOT NULL AUTO_INCREMENT,
  `sale_id` int(11) NOT NULL,
  `product_id` int(11) NOT NULL,
  `quantity` int(11) NOT NULL,
  `unit_price_at_purchase` decimal(16,2) DEFAULT NULL,
  `tax_amount` decimal(16,2) DEFAULT NULL,
  PRIMARY KEY (`id`),
  KEY `fk_invoice_details_sales1_idx` (`sale_id`),
  CONSTRAINT `fk_invoice_details_sales1` FOREIGN KEY (`sale_id`) REFERENCES `sales` (`id`) ON DELETE NO ACTION ON UPDATE NO ACTION
) ENGINE=InnoDB AUTO_INCREMENT=101 DEFAULT CHARSET=latin1;
/*!40101 SET character_set_client = @saved_cs_client */;

--
-- Dumping data for table `invoice_details`
--

LOCK TABLES `invoice_details` WRITE;
/*!40000 ALTER TABLE `invoice_details` DISABLE KEYS */;
INSERT INTO `invoice_details` VALUES (1,1,3,3,2.57,1.34),(2,3,2,2,1.84,4.64),(3,23,3,4,3.85,1.81),(4,3,2,1,1.16,1.92),(5,13,2,1,7.58,6.53),(6,24,2,1,6.95,1.55),(7,10,1,1,9.62,6.37),(8,4,2,2,3.37,5.19),(9,8,1,3,1.51,4.66),(10,20,2,3,7.65,0.41),(11,20,2,5,7.91,6.84),(12,17,2,2,9.73,2.83),(13,17,3,1,5.51,9.69),(14,8,2,4,1.80,0.41),(15,16,3,3,9.87,6.95),(16,2,2,1,4.25,5.45),(17,22,2,5,9.10,8.27),(18,8,1,4,1.48,2.20),(19,9,2,1,9.75,7.28),(20,6,1,2,6.50,5.61),(21,23,1,1,5.75,6.95),(22,5,1,2,4.13,9.25),(23,13,1,2,7.45,7.02),(24,17,1,2,2.00,1.74),(25,16,3,4,0.14,5.18),(26,8,3,2,8.15,1.62),(27,3,1,4,0.60,3.48),(28,13,3,4,6.55,3.14),(29,5,2,2,9.56,4.60),(30,3,2,2,4.05,4.42),(31,24,2,5,3.51,7.14),(32,21,2,1,5.80,6.28),(33,15,2,3,9.53,8.23),(34,6,2,3,9.49,2.35),(35,14,2,5,7.74,5.89),(36,16,2,4,5.70,8.22),(37,4,2,4,2.00,9.43),(38,25,3,5,8.24,0.89),(39,24,3,1,8.03,5.80),(40,7,2,2,2.70,6.72),(41,20,3,2,7.88,7.24),(42,6,3,2,5.58,6.80),(43,4,2,3,3.07,9.88),(44,24,3,2,4.86,5.91),(45,25,3,1,5.05,4.52),(46,22,2,2,8.12,5.41),(47,14,3,1,4.45,5.94),(48,17,1,1,4.06,0.08),(49,23,1,4,3.77,9.80),(50,9,2,5,2.59,2.63),(51,12,2,4,2.33,6.07),(52,15,3,4,1.95,9.02),(53,4,3,5,2.14,1.67),(54,18,3,5,0.69,3.39),(55,7,3,2,5.49,3.82),(56,8,2,1,5.49,8.96),(57,21,2,3,1.51,4.99),(58,5,3,2,0.88,2.13),(59,8,2,2,0.44,3.26),(60,17,1,5,6.49,2.91),(61,2,3,1,5.06,1.68),(62,25,1,3,4.01,6.17),(63,19,1,2,6.50,9.19),(64,5,3,1,5.11,7.60),(65,8,3,1,2.85,9.99),(66,18,1,3,2.64,6.78),(67,1,3,1,5.88,6.77),(68,4,2,4,8.03,3.08),(69,18,2,1,6.46,9.53),(70,1,3,4,6.52,6.37),(71,16,2,5,1.42,5.98),(72,7,2,4,2.33,4.15),(73,18,1,4,9.23,0.61),(74,20,1,5,6.40,7.15),(75,10,1,5,9.41,7.05),(76,12,1,2,9.13,6.28),(77,3,2,4,1.32,0.76),(78,1,3,2,4.04,4.19),(79,5,2,4,2.51,0.35),(80,3,3,5,2.53,6.26),(81,15,2,5,8.47,6.29),(82,25,2,3,9.65,0.59),(83,11,3,2,2.56,4.95),(84,16,1,2,7.24,2.48),(85,8,1,4,5.20,0.66),(86,3,3,2,9.98,6.82),(87,25,3,5,8.13,9.16),(88,25,1,5,0.36,0.29),(89,19,1,5,7.35,5.89),(90,3,2,3,5.73,5.37),(91,14,3,2,4.31,4.04),(92,3,2,4,4.45,1.68),(93,17,3,4,8.44,3.43),(94,4,1,4,1.62,8.81),(95,22,2,2,5.81,0.10),(96,7,2,5,0.28,9.80),(97,9,3,2,4.46,6.94),(98,20,3,3,3.68,9.15),(99,25,2,4,5.27,9.68),(100,5,2,2,0.18,0.95);
/*!40000 ALTER TABLE `invoice_details` ENABLE KEYS */;
UNLOCK TABLES;

--
-- Table structure for table `invoice_summary`
--

DROP TABLE IF EXISTS `invoice_summary`;
/*!40101 SET @saved_cs_client     = @@character_set_client */;
/*!40101 SET character_set_client = utf8 */;
CREATE TABLE `invoice_summary` (
  `id` int(11) NOT NULL AUTO_INCREMENT,
  `summary_timestamp` timestamp NOT NULL DEFAULT CURRENT_TIMESTAMP ON UPDATE CURRENT_TIMESTAMP,
  `total_sale_credits` decimal(16,2) DEFAULT NULL,
  `total_sale_debits` decimal(16,2) DEFAULT NULL,
  `total_tax_credits` decimal(16,2) DEFAULT NULL,
  `total_tax_debits` decimal(16,2) DEFAULT NULL,
  `net_sales` decimal(16,2) DEFAULT NULL,
  PRIMARY KEY (`id`)
) ENGINE=InnoDB AUTO_INCREMENT=101 DEFAULT CHARSET=latin1;
/*!40101 SET character_set_client = @saved_cs_client */;

--
-- Dumping data for table `invoice_summary`
--

LOCK TABLES `invoice_summary` WRITE;
/*!40000 ALTER TABLE `invoice_summary` DISABLE KEYS */;
INSERT INTO `invoice_summary` VALUES (1,'2013-12-03 07:34:26',5.44,6.16,3.39,7.01,6.29),(2,'2014-07-24 18:34:11',9.80,5.71,8.34,8.44,0.15),(3,'2014-05-17 10:28:29',2.71,4.68,7.73,9.90,8.51),(4,'2014-10-03 12:20:44',6.45,8.13,4.74,6.38,6.28),(5,'2014-05-01 22:48:23',4.69,9.50,5.00,9.04,0.15),(6,'2014-09-22 19:40:37',4.16,1.88,0.15,6.09,7.76),(7,'2014-06-29 03:25:33',5.28,2.35,1.15,5.77,0.07),(8,'2014-05-23 05:47:37',6.39,1.11,9.45,2.18,5.55),(9,'2013-11-28 14:07:05',2.03,8.78,4.89,5.94,2.21),(10,'2014-07-05 03:02:24',5.65,4.15,6.18,1.53,9.15),(11,'2014-02-13 07:11:40',9.98,9.10,1.51,7.90,3.38),(12,'2013-12-22 11:17:36',4.52,8.26,5.67,5.87,5.55),(13,'2014-09-29 16:14:56',1.36,5.77,0.03,5.34,5.75),(14,'2014-01-04 17:45:09',8.01,5.16,7.05,6.08,6.78),(15,'2014-06-20 15:13:49',4.87,6.76,4.30,0.98,9.38),(16,'2014-04-27 01:11:25',0.06,0.56,5.80,0.23,6.80),(17,'2013-11-30 05:13:43',7.93,7.49,4.20,0.78,5.92),(18,'2014-04-18 20:43:05',6.56,9.27,7.89,8.81,6.52),(19,'2014-01-02 20:11:36',6.34,4.55,0.58,9.78,3.81),(20,'2014-05-12 01:10:45',7.76,6.84,7.34,0.71,4.72),(21,'2014-07-22 14:26:30',1.40,2.67,0.62,8.03,1.39),(22,'2014-03-01 19:13:35',8.16,5.76,7.03,5.38,3.01),(23,'2014-05-27 22:58:56',0.32,2.35,3.40,4.03,9.50),(24,'2014-07-12 09:35:31',5.38,1.37,3.92,0.66,8.46),(25,'2014-04-26 08:53:38',7.76,1.38,7.06,5.43,9.94),(26,'2013-12-16 00:11:15',7.74,8.35,6.75,5.00,1.57),(27,'2014-04-14 22:26:39',2.34,9.59,8.34,2.65,5.43),(28,'2014-06-10 12:14:07',7.79,7.38,6.73,6.70,2.59),(29,'2014-09-10 18:18:19',9.42,6.90,9.50,2.30,8.37),(30,'2014-08-17 03:33:45',0.76,7.29,6.61,0.81,8.38),(31,'2014-08-11 01:28:17',8.82,4.76,7.35,7.32,1.23),(32,'2014-04-12 21:19:34',3.96,4.35,4.07,9.52,7.66),(33,'2014-08-23 11:25:01',5.32,7.86,7.76,4.52,4.27),(34,'2014-07-19 06:38:06',6.81,8.95,6.23,8.05,4.71),(35,'2014-02-11 06:18:06',6.29,1.11,7.03,9.16,6.73),(36,'2014-09-30 02:19:50',4.53,6.35,5.78,0.42,9.51),(37,'2013-12-04 04:15:14',8.57,7.60,1.12,7.94,6.18),(38,'2014-04-10 10:15:20',9.65,4.60,8.15,3.18,5.99),(39,'2014-01-26 14:04:19',4.67,8.27,5.50,2.58,3.88),(40,'2013-11-04 23:13:36',3.88,3.64,3.34,7.33,9.73),(41,'2013-12-26 08:24:03',7.17,0.76,5.96,8.10,6.83),(42,'2014-02-05 12:01:01',4.63,0.10,7.43,3.04,8.03),(43,'2014-09-08 17:31:27',7.26,6.40,2.87,7.49,6.95),(44,'2014-05-21 20:05:50',2.62,0.38,2.25,0.47,2.90),(45,'2014-08-15 04:27:00',1.23,2.10,0.04,3.50,4.74),(46,'2013-12-20 02:18:18',9.07,0.89,4.87,2.39,3.89),(47,'2014-03-29 02:10:35',3.72,6.47,0.48,5.83,3.76),(48,'2014-09-26 19:55:47',3.91,1.59,2.27,9.37,5.92),(49,'2014-10-18 23:40:59',4.67,1.09,5.06,6.55,0.15),(50,'2014-03-19 05:11:41',7.34,4.01,5.04,4.74,7.30),(51,'2013-11-23 05:50:33',9.56,9.23,2.78,5.34,8.63),(52,'2014-07-09 10:13:33',6.65,7.07,7.87,0.37,0.89),(53,'2014-02-27 23:58:43',7.24,4.91,6.16,1.75,5.66),(54,'2014-11-02 23:31:47',5.46,2.66,0.94,3.75,7.28),(55,'2014-09-02 05:30:53',1.09,5.72,5.69,1.37,3.98),(56,'2014-07-12 00:30:46',8.90,2.24,0.55,2.81,5.68),(57,'2014-07-09 01:43:58',2.01,7.77,7.50,6.62,5.89),(58,'2014-01-11 10:03:29',6.94,5.42,0.83,1.41,2.57),(59,'2014-02-25 00:38:59',7.14,4.70,5.24,3.32,5.02),(60,'2014-08-06 00:50:53',6.52,4.29,3.35,5.45,7.20),(61,'2013-11-12 12:44:36',6.72,1.35,7.56,7.45,7.62),(62,'2014-04-03 09:18:22',3.46,6.78,0.32,6.94,6.15),(63,'2013-11-17 22:29:55',2.61,2.73,1.97,4.18,8.83),(64,'2014-06-05 19:13:15',0.77,4.55,4.95,4.34,0.29),(65,'2014-06-14 18:00:27',1.18,2.23,6.51,5.01,7.89),(66,'2014-08-03 02:24:36',1.96,5.43,3.15,5.20,6.98),(67,'2013-12-30 18:04:20',5.23,0.88,4.64,8.64,8.85),(68,'2013-12-15 10:01:40',7.42,7.86,0.06,3.88,5.67),(69,'2014-05-27 09:44:06',1.08,7.57,1.36,8.16,3.81),(70,'2013-12-05 17:48:31',4.67,9.89,6.98,3.60,3.10),(71,'2014-04-16 02:43:51',5.71,4.03,3.15,4.25,0.03),(72,'2014-02-20 00:46:36',3.07,9.05,3.12,9.58,3.25),(73,'2014-02-09 05:16:54',7.68,7.61,3.48,4.21,9.80),(74,'2014-07-17 19:07:50',6.06,3.14,6.52,5.32,8.91),(75,'2014-05-05 00:20:28',4.75,1.13,7.00,0.58,6.40),(76,'2014-01-31 13:48:42',5.12,2.71,8.00,5.72,2.51),(77,'2014-04-03 16:34:31',3.02,6.53,8.87,2.30,6.63),(78,'2014-06-09 12:21:49',0.12,8.15,0.19,4.18,2.86),(79,'2014-06-22 07:47:01',4.64,8.49,7.46,9.62,9.50),(80,'2014-07-07 19:55:01',4.66,4.95,3.37,3.18,6.21),(81,'2014-03-04 04:41:11',1.61,6.55,4.78,1.04,5.28),(82,'2014-01-27 06:31:15',3.18,4.34,2.18,3.58,2.82),(83,'2014-09-15 15:48:58',8.30,3.20,6.49,2.02,6.74),(84,'2014-08-02 02:53:54',3.93,3.04,1.51,8.81,3.45),(85,'2014-02-27 03:22:23',4.24,1.72,6.85,1.22,2.09),(86,'2013-12-01 13:56:13',1.66,1.34,9.49,1.86,5.05),(87,'2014-04-19 08:09:49',7.03,3.24,5.10,5.79,7.81),(88,'2014-09-30 02:55:16',2.64,1.10,5.32,8.18,0.48),(89,'2014-07-18 03:50:12',2.17,5.44,5.94,5.69,0.27),(90,'2014-02-16 08:29:22',4.82,1.85,3.24,7.06,9.97),(91,'2014-07-23 20:05:52',0.90,2.20,5.27,3.60,1.61),(92,'2014-04-17 23:35:36',3.29,8.89,9.78,1.45,8.17),(93,'2013-12-29 12:32:46',3.18,6.85,3.29,5.39,9.47),(94,'2014-04-06 14:03:36',3.62,5.18,7.46,4.62,6.67),(95,'2014-06-28 17:21:18',0.01,1.28,0.98,8.46,9.78),(96,'2014-07-16 07:19:07',1.36,9.01,2.29,1.77,8.10),(97,'2014-10-30 15:24:12',5.96,7.66,6.52,2.25,9.09),(98,'2014-04-23 09:50:50',8.86,8.44,7.19,7.87,9.45),(99,'2014-04-21 03:15:22',4.26,3.77,3.70,5.84,9.22),(100,'2014-03-20 08:28:04',6.21,8.90,2.54,2.47,4.64);
/*!40000 ALTER TABLE `invoice_summary` ENABLE KEYS */;
UNLOCK TABLES;

--
-- Table structure for table `products`
--

DROP TABLE IF EXISTS `products`;
/*!40101 SET @saved_cs_client     = @@character_set_client */;
/*!40101 SET character_set_client = utf8 */;
CREATE TABLE `products` (
  `id` int(11) NOT NULL AUTO_INCREMENT,
  `name` varchar(255) DEFAULT NULL,
  `description` varchar(255) DEFAULT NULL,
  `unit_price` decimal(16,2) DEFAULT NULL,
  PRIMARY KEY (`id`)
) ENGINE=InnoDB AUTO_INCREMENT=4 DEFAULT CHARSET=latin1;
/*!40101 SET character_set_client = @saved_cs_client */;

--
-- Dumping data for table `products`
--

LOCK TABLES `products` WRITE;
/*!40000 ALTER TABLE `products` DISABLE KEYS */;
INSERT INTO `products` VALUES (1,'PC','Personal Computer',699.99),(2,'MacBook Pro','MacBook Pro',1325.00),(3,'Samsung Galaxy','Samsung Galaxy Mobile',450.00);
/*!40000 ALTER TABLE `products` ENABLE KEYS */;
UNLOCK TABLES;

--
-- Table structure for table `sales`
--

DROP TABLE IF EXISTS `sales`;
/*!40101 SET @saved_cs_client     = @@character_set_client */;
/*!40101 SET character_set_client = utf8 */;
CREATE TABLE `sales` (
  `id` int(11) NOT NULL AUTO_INCREMENT,
  `invoice_number` varchar(50) DEFAULT NULL,
  `timestamp` timestamp NOT NULL DEFAULT CURRENT_TIMESTAMP ON UPDATE CURRENT_TIMESTAMP,
  PRIMARY KEY (`id`)
) ENGINE=InnoDB AUTO_INCREMENT=101 DEFAULT CHARSET=latin1;
/*!40101 SET character_set_client = @saved_cs_client */;

--
-- Dumping data for table `sales`
--

LOCK TABLES `sales` WRITE;
/*!40000 ALTER TABLE `sales` DISABLE KEYS */;
INSERT INTO `sales` VALUES (1,'3558362','2014-08-26 06:51:25'),(2,'6646145','2013-04-20 22:19:04'),(3,'1201761','2013-12-13 20:58:46'),(4,'2017629','2014-03-20 06:30:49'),(5,'3796733','2013-11-25 11:16:40'),(6,'8011633','2014-06-30 18:38:27'),(7,'7919040','2013-05-06 08:31:35'),(8,'9396134','2013-02-15 02:16:10'),(9,'6980406','2013-11-25 22:38:51'),(10,'803509','2013-07-19 21:27:07'),(11,'8358649','2013-09-07 09:20:21'),(12,'7041642','2014-04-05 15:43:27'),(13,'1904666','2014-04-16 04:11:12'),(14,'8543473','2013-03-26 21:08:37'),(15,'2324009','2014-04-03 04:43:43'),(16,'1963878','2014-03-21 12:04:36'),(17,'7222675','2013-06-28 00:53:36'),(18,'3322413','2014-04-25 22:25:43'),(19,'3648166','2014-06-06 08:41:08'),(20,'8911037','2014-03-04 14:34:07'),(21,'3935132','2014-04-04 06:51:12'),(22,'871725','2013-09-26 23:49:25'),(23,'8275629','2014-05-01 11:22:36'),(24,'3423054','2013-03-21 20:16:04'),(25,'9240221','2013-08-18 14:48:19'),(26,'9900766','2013-03-07 02:07:27'),(27,'6962887','2014-02-26 08:05:35'),(28,'4848169','2013-11-14 11:07:26'),(29,'3331616','2013-12-03 16:44:23'),(30,'4469412','2013-10-01 05:39:57'),(31,'6184746','2013-02-18 22:50:43'),(32,'8777718','2014-01-11 11:40:19'),(33,'9665808','2014-08-16 17:39:14'),(34,'9534474','2013-11-07 22:57:20'),(35,'7937465','2014-10-31 22:06:48'),(36,'3854277','2013-04-09 07:30:37'),(37,'4413567','2013-07-24 17:59:03'),(38,'1943185','2013-10-16 22:48:39'),(39,'5504336','2014-06-23 09:43:04'),(40,'500183','2013-01-29 07:17:06'),(41,'8415672','2014-05-15 14:35:48'),(42,'9041875','2013-11-15 01:30:35'),(43,'7815979','2013-11-25 18:43:51'),(44,'9629096','2014-06-27 14:16:47'),(45,'9940701','2013-08-29 05:39:42'),(46,'4913970','2014-04-25 21:54:50'),(47,'1207408','2014-01-10 20:26:55'),(48,'4494447','2014-04-26 12:21:10'),(49,'6254952','2013-04-04 22:43:34'),(50,'5635264','2013-05-26 07:12:12'),(51,'9468406','2013-11-20 05:30:59'),(52,'1218085','2014-04-05 06:00:04'),(53,'1945155','2013-11-18 18:59:30'),(54,'7468783','2013-02-15 18:14:53'),(55,'5620018','2014-04-27 12:33:52'),(56,'8688453','2014-10-29 03:03:21'),(57,'3040824','2013-02-27 23:35:20'),(58,'8699375','2014-09-03 01:40:03'),(59,'321059','2014-08-20 18:23:26'),(60,'8521157','2013-01-31 18:26:11'),(61,'9636131','2014-06-11 08:22:10'),(62,'2971465','2013-08-19 17:14:05'),(63,'9029053','2014-01-08 19:42:57'),(64,'7383704','2014-01-28 18:08:27'),(65,'4991625','2014-01-09 04:24:09'),(66,'8629065','2013-03-02 10:06:05'),(67,'1257892','2014-01-31 17:52:16'),(68,'3698558','2013-06-26 09:18:24'),(69,'985820','2013-12-27 03:51:49'),(70,'8338384','2013-06-06 13:48:30'),(71,'7649179','2013-12-30 15:36:26'),(72,'3279700','2013-08-04 23:33:57'),(73,'2328781','2013-12-27 14:24:22'),(74,'5645797','2014-09-29 18:31:29'),(75,'3224715','2013-03-07 22:25:50'),(76,'5382801','2014-08-25 04:49:27'),(77,'4527965','2014-02-11 02:28:33'),(78,'6796421','2014-03-07 11:33:58'),(79,'4133568','2014-04-13 11:01:09'),(80,'7177697','2013-09-11 03:06:04'),(81,'516292','2013-06-04 06:03:49'),(82,'9928408','2013-05-21 16:49:42'),(83,'2196683','2014-06-16 00:26:02'),(84,'1601179','2014-04-18 20:23:43'),(85,'7145629','2014-09-28 16:36:54'),(86,'7417148','2014-01-11 04:13:45'),(87,'9546664','2014-03-21 04:40:49'),(88,'4201479','2014-04-21 11:30:08'),(89,'1832800','2014-09-02 14:12:52'),(90,'5364451','2013-12-22 16:38:20'),(91,'3600498','2013-12-17 14:57:33'),(92,'6637773','2014-09-06 16:42:24'),(93,'7972755','2013-05-21 02:42:23'),(94,'942989','2013-11-09 00:58:10'),(95,'1845220','2013-12-13 05:21:50'),(96,'4374578','2013-10-06 02:12:40'),(97,'8572531','2014-07-30 01:11:57'),(98,'7563151','2014-09-16 15:13:48'),(99,'8058132','2013-11-19 12:52:32'),(100,'8284085','2013-07-16 17:11:03');
/*!40000 ALTER TABLE `sales` ENABLE KEYS */;
UNLOCK TABLES;

--
-- Table structure for table `user`
--

DROP TABLE IF EXISTS `user`;
/*!40101 SET @saved_cs_client     = @@character_set_client */;
/*!40101 SET character_set_client = utf8 */;
CREATE TABLE `user` (
  `id` int(10) unsigned NOT NULL AUTO_INCREMENT,
  `first_name` varchar(255) NOT NULL,
  `last_name` varchar(255) NOT NULL,
  `email` varchar(255) NOT NULL,
  `password` varchar(255) NOT NULL,
  `company_id` int(11) NOT NULL,
  `group_id` int(11) NOT NULL,
  PRIMARY KEY (`id`),
  UNIQUE KEY `idx_email` (`email`),
  KEY `company_id` (`company_id`),
  KEY `fk_user_group_idx` (`group_id`)
) ENGINE=MyISAM AUTO_INCREMENT=9 DEFAULT CHARSET=latin1;
/*!40101 SET character_set_client = @saved_cs_client */;

--
-- Dumping data for table `user`
--

LOCK TABLES `user` WRITE;
/*!40000 ALTER TABLE `user` DISABLE KEYS */;
INSERT INTO `user` VALUES (1,'Colby','Cox','ccox@empiricalefficiency.com','f8ab2d7a690fd197ef52bd465dc826d6c275d403',48,2),(4,'Peter','Jones','pjones@outlook.com','f8ab2d7a690fd197ef52bd465dc826d6c275d403',48,1),(5,'Mark','Lamarre','mlamarre@outlook.com','f8ab2d7a690fd197ef52bd465dc826d6c275d403',47,1),(6,'Daniel','Johnson','djohnson@yahoo.com','f8ab2d7a690fd197ef52bd465dc826d6c275d403',48,1),(7,'Jessica','Farinaro','jfarinaro@gmail.com','f8ab2d7a690fd197ef52bd465dc826d6c275d403',48,1),(8,'Daniel','Inniss','dinniss@outlook.com','f8ab2d7a690fd197ef52bd465dc826d6c275d403',48,1);
/*!40000 ALTER TABLE `user` ENABLE KEYS */;
UNLOCK TABLES;
/*!40103 SET TIME_ZONE=@OLD_TIME_ZONE */;

/*!40101 SET SQL_MODE=@OLD_SQL_MODE */;
/*!40014 SET FOREIGN_KEY_CHECKS=@OLD_FOREIGN_KEY_CHECKS */;
/*!40014 SET UNIQUE_CHECKS=@OLD_UNIQUE_CHECKS */;
/*!40101 SET CHARACTER_SET_CLIENT=@OLD_CHARACTER_SET_CLIENT */;
/*!40101 SET CHARACTER_SET_RESULTS=@OLD_CHARACTER_SET_RESULTS */;
/*!40101 SET COLLATION_CONNECTION=@OLD_COLLATION_CONNECTION */;
/*!40111 SET SQL_NOTES=@OLD_SQL_NOTES */;

-- Dump completed on 2014-12-12 14:13:55

GRANT USAGE ON *.* TO `test20`@`localhost` IDENTIFIED BY 'Jxb7p3H/Iv6B.' REQUIRE NONE;
GRANT Select  ON `test20`.* TO `test20`@`localhost`;
GRANT Insert  ON `test20`.* TO `test20`@`localhost`;
GRANT Update  ON `test20`.* TO `test20`@`localhost`;
GRANT Delete  ON `test20`.* TO `test20`@`localhost`;
GRANT Create  ON `test20`.* TO `test20`@`localhost`;
GRANT Drop  ON `test20`.* TO `test20`@`localhost`;
GRANT USAGE  ON `test20`.* TO `test20`@`localhost` WITH GRANT OPTION;
GRANT References  ON `test20`.* TO `test20`@`localhost`;
GRANT Index  ON `test20`.* TO `test20`@`localhost`;
GRANT Alter  ON `test20`.* TO `test20`@`localhost`;
GRANT Create temporary tables  ON `test20`.* TO `test20`@`localhost`;
GRANT Lock tables  ON `test20`.* TO `test20`@`localhost`;
GRANT Create View  ON `test20`.* TO `test20`@`localhost`;
GRANT Show view  ON `test20`.* TO `test20`@`localhost`;
GRANT Create routine  ON `test20`.* TO `test20`@`localhost`;
GRANT Alter routine  ON `test20`.* TO `test20`@`localhost`;
GRANT Execute  ON `test20`.* TO `test20`@`localhost`;
GRANT Event  ON `test20`.* TO `test20`@`localhost`;
GRANT Trigger  ON `test20`.* TO `test20`@`localhost`;
